{"cameraMode":{"drawMode":0,"name":"Shaded","section":"Shading Mode"},"sceneLighting":true,"audioPlay":false,"sceneViewState":{"m_AlwaysRefresh":false,"showFog":true,"showSkybox":true,"showFlares":true,"showImageEffects":true,"showParticleSystems":true,"showVisualEffectGraphs":true,"m_FxEnabled":true},"in2DMode":false,"pivot":{"x":-0.34692439436912539,"y":11.194747924804688,"z":-11.460800170898438},"rotation":{"x":-0.1481287181377411,"y":-0.3747406303882599,"z":0.06078806519508362,"w":-0.9132037162780762},"size":5.699436664581299,"orthographic":false}